SET FOREIGN_KEY_CHECKS=0;
SET SQL_MODE = "NO_AUTO_VALUE_ON_ZERO";
SET AUTOCOMMIT = 0;
START TRANSACTION;
SET time_zone = "+00:00";

/*!40101 SET @OLD_CHARACTER_SET_CLIENT=@@CHARACTER_SET_CLIENT */;
/*!40101 SET @OLD_CHARACTER_SET_RESULTS=@@CHARACTER_SET_RESULTS */;
/*!40101 SET @OLD_COLLATION_CONNECTION=@@COLLATION_CONNECTION */;
/*!40101 SET NAMES utf8mb4 */;


TRUNCATE TABLE `yii_calc_base_price`;
INSERT INTO `yii_calc_base_price` (`id`, `name`, `price`, `inputdata`) VALUES
(1, 'Базовая стоимость', 100000, 0),
(2, 'Стоимость за 1 кв. м', 1000, 2),
(3, 'Стоимость за 1 санузел', 50000, 4),
(4, 'Стоимость за 1 комнату', 50000, 1),
(5, 'Стоимость за демонтаж 1 кв. м', 5000, 5),
(6, 'Стоимость за возведение стен на 1 кв. м', 20000, 6);

TRUNCATE TABLE `yii_calc_collect`;
INSERT INTO `yii_calc_collect` (`id`, `name`, `sort`, `image`, `link`) VALUES
(1, 'Cold Caramel', 100, '/uploads/images/calculator/sets/cset1.png', '/kalkulyator-remonta/lFHk4KaPgA_XTPpc4LyOERxmVFVcvgMr/'),
(2, 'Peach Dreams', 200, '/uploads/images/calculator/sets/cset2.png', 'TsdKzYWeD7HseoyoAJVnpR5xGUskipv9'),
(3, 'Exquisite Classics', 300, '/uploads/images/calculator/sets/cset3.png', 'QU61BqJnhJ2cLzc9qnf5U5ri-TBfbNDZ');

TRUNCATE TABLE `yii_calc_complect_content`;
INSERT INTO `yii_calc_complect_content` (`id`, `name`, `description`, `image`, `sort`, `mandatory`, `price`, `countable`) VALUES
(1, 'Видеотрансляция и контроль ремонта', 'Для наших клиентов мы разработали мобильное приложение, где вы можете контролировать ход ремонтных работ и в режиме реального времени видеть, что происходит в квартире. Также вы можете контролировать ваши платежи и информацию по вашему дизайн-проекту. Приложения доступны для мобильных телефонов на базе iOS и Android.', '/uploads/images/calculator/collect/cc1.png', 100, 1, NULL, 0),
(2, 'Система защиты от протечки Neptun', 'Система защиты от протечки воды автоматически перекрывает входные краны при обнаружении протечки в квартире. В комплект входят 2 электрозапорных крана Bugatti для холодной и горячей воды и 3 датчика протечки воды.', '/uploads/images/calculator/collect/cc2.png', 200, 1, NULL, 0),
(3, 'Установка электрического щитка', 'Устанавливаем автоматические выключатели ABB (Швейцария).Квартира комплектуется 10,16,20 и 32 Амперными автоматами, удобно разделяющими электрические группы и не дающими проводам нагреваться.Количество модулей в щитке, автоматов и УЗО зависит от количества комнат.', '/uploads/images/calculator/collect/cc3.png', 300, 1, NULL, 0),
(4, 'Установка слаботочного щитка', 'В качестве слаботочного щитка всегда используем обычные боксы электрощитков (ABB) из которых удаляются все внутренности и крепления. В щиток подтягивается питание, коаксиальный кабель для подключения TV, TV-краб, от 2 до 8 витых пар (по необходимости) для подключения интернета, телефона, домофона и пр.', '/uploads/images/calculator/collect/cc4.png', 400, 1, NULL, 0),
(5, 'Прокладка медной проводки', 'Выполняем монтаж электрической проводки. Используем негорючий кабель ВВГнг с тремя токопроводящими жилами из однопроволочных медных проводников. Квартира комплектуется кабелями ВВГнг 3х1,5, 3х2,5, 3х4 и 3х6. Устанавливаем подрозетники для монтажа розеток, выключателей и т.п.', '/uploads/images/calculator/collect/cc5.png', 500, 1, NULL, 0),
(6, 'Самопромывные магистральные  фильтры механической очистки воды', 'Устанавливаем фильтры Honeywell для очистки холодной и горячей воды. Очищают воду от механических примесей размером до 100 мкм (ржавчина, песок, глина, ил, окалины, взвеси и т.п.). Производительность – до 2,27 м³ в час. Накопленная грязь сливается через шаровый клапан в нижней точке фильтров. Отличная очистка воды в паре с магистральными фильтрами со сменными картриджами.', '/uploads/images/calculator/collect/cc6.png', 600, 1, NULL, 0),
(7, 'Torex Ultimatum PP', 'Нижний замок Blockido C1, 4-го класса взломостойкости.\r\nВерхний замок Blockido L3 сувальдного типа, 4-го класса взломостойкости.\r\nПротивосъемные ригеля, двойной контур уплотнителя, металлический эксцентрик, глазок с металлической шторкой широкого угла обзора.\r\nТепло- и звукоизоляции превышает требования высшего класса по ГОСТ 31173-2003.\r\nТип внешней отделки - Панель MDF с покрытием Cortorex.\r\nЦвет внешней отделки - Орех грецкий.', '/uploads/images/calculator/collect/cc7.png', 700, 0, 51000, 0),
(8, 'Torex Ultimatum MP', 'Нижний замок Blockido C1, 4-го класса взломостойкости.\r\nВерхний замок Blockido L3 сувальдного типа, 4-го класса взломостойкости.\r\nПротивосъемные ригеля, двойной контур уплотнителя, металлический эксцентрик, глазок с металлической шторкой широкого угла обзора.\r\nТепло- и звукоизоляции превышает требования высшего класса по ГОСТ 31173-2003.\r\nТип внешней отделки порошково-полимерное покрытие.\r\nЦвет внешней отделки - Черный шелк.', '/uploads/images/calculator/collect/cc8.png', 800, 0, 42800, 0),
(9, 'Torex STEL', 'Нижний замок Crit ЗВ-7РМП-004, 3-го класса взломостойкости по ГОСТ 5089-2011.\r\nВерхний замок Border 3В 8-8Г/15 сувальдного типа 4-го класса взломостойкости по ГОСТ 5089-2011.\r\nНочная задвижка, два контура резиновых уплотнителей, дверная рама с гибами жесткости, наличник с рустами.\r\nТепло- и звукоизоляции превышает требования высшего класса по ГОСТ 31173-2003.\r\nТип внешней отделки порошково-полимерное покрытие.', '/uploads/images/calculator/collect/cc9.png', 900, 0, 29000, 0),
(10, 'Владимирская Фабрика Дверей (ВФД)', 'Нижний цилиндровый замок Гардиан 32.11 с защелкой 4-го класса взломостойкости по ГОСТ 5089-2011.\r\nВерхний замок Гардиан 30.01 сувальдного типа 2-го класса по ГОСТ 5089-2003.\r\nБроненакладки от высверливания, ночная задвижка, цилиндровый механизм с вертушкой, двойной контур уплотнения.\r\nТип внешней отделки - порошковая покраска.\r\nЦвет внешней отделки - Графит.\r\nТип внутренней отделки - Ламинированное.', '/uploads/images/calculator/collect/cc10.png', 1000, 0, 33000, 0),
(11, 'МДФ накладка на входную дверь', 'Накладка из МДФ окрашена в цвет межкомнатных дверей и повторяет их рисунок.\r\nЗамена двери в этом случае не обязательна, накладка изготавливается индивидуально для каждой входной двери.', '/uploads/images/calculator/collect/cc11.png', 1100, 0, 13500, 0),
(12, 'Установка бойлера', 'Накопительный водонагреватель Electrolux объёмом 50 литров.\r\nМаксимальная температура нагрева воды +75 градусов.\r\nПотребляемая мощность 2 кВт. Сухой ТЭН.\r\nВремя нагрева воды до максимальной температуры 114мин.\r\nРазмеры (ШхВхГ) 344x825x350 мм.', '/uploads/images/calculator/collect/cc12.png', 1200, 0, 20600, 0),
(13, 'Установка кондиционера', 'Мы устанавливаем инверторные кондиционеры Haier HSU.\r\nОсновные режимы: охлаждение и обогрев\r\nДополнительные режимы: режим вентиляции, поддержания температуры, ночной, осушения воздуха. Уровень шума (охлаждение) 31 дБ. \r\nПотребляемая мощность при охлаждении 0,88кВт. Устанавливаем отдельные (наружный блок + внутренний) или мульти-сплит системы (наружный блок + несколько внутренних).\r\nСтоимость указана для охлаждения помещения до 25 кв.м.', '/uploads/images/calculator/collect/cc13.png', 1300, 0, 34000, 1),
(14, 'Устройство теплого пола', 'Устанавливаем программируемый терморегулятор SE200 с сенсорным управлением и датчиками температуры пола и воздуха.\r\nВключение/выключение по расписанию (времени,дням недели), режим антизамерзание, режим самообучения, режимы подъём, выход из дома.\r\nПлощадь теплого пола:', '/uploads/images/calculator/collect/cc14.png', 1400, 0, 12000, 1),
(15, 'Объединение санузла', 'В стоимость входит изменение расстановки сантехники.', '/uploads/images/calculator/collect/cc15.png', 1500, 0, 17000, 0);

TRUNCATE TABLE `yii_calc_component_element`;
INSERT INTO `yii_calc_component_element` (`id`, `name`, `desc`, `sort`, `default`, `group_id`, `local_group`, `price`, `icon`, `image`, `countable`) VALUES
(1, 'Обои под покраску', 'Флизелиновые обои с нейтральным рельефом', 100, 1, 1, 'Стены', 1000, '/uploads/images/calculator/elements/wallpaper.jpg', '/uploads/images/calculator/elements/wallpaper.png', 0),
(2, 'Гладкие обои под покраску', 'Плотные обои. Визуально, как стены под покраску.', 200, 0, 1, 'Стены', 2000, '/uploads/images/calculator/elements/wallpaper_smooth.jpg', '/uploads/images/calculator/elements/paint.png', 0),
(3, 'White', '', 100, 1, 1, 'Оттенок краски', 1000, '/uploads/images/calculator/elements/white.jpg', '/uploads/images/calculator/elements/white.png', 0),
(4, 'Жасмин', 'F503', 200, 0, 1, 'Оттенок краски', 1000, '/uploads/images/calculator/elements/jasmin.jpg', '/uploads/images/calculator/elements/jasmin.png', 0),
(5, 'Без декора', 'Ровные стены, окрашенные матовой краской Dulux без декора', 100, 1, 2, '', 1000, '/uploads/images/calculator/elements/no.jpg', '/uploads/images/calculator/elements/no.png', 0),
(6, 'Грифельная краска', 'Погонных метров:', 200, 0, 2, '', 2700, '/uploads/images/calculator/elements/graphite.jpg', '/uploads/images/calculator/elements/graphite.png', 1);

TRUNCATE TABLE `yii_calc_component_group`;
INSERT INTO `yii_calc_component_group` (`id`, `name`, `sort`, `image_order`, `size_element`, `calc_room_id`, `inputdata`) VALUES
(1, 'стены', 100, 300, 0, 1, 2),
(2, 'декор стен', 200, 1200, 1, 1, NULL),
(3, 'пол', 300, 100, 1, 1, 2),
(4, 'плинтус', 400, 700, 1, 1, 2),
(5, 'галтели', 500, 800, 1, 1, 2),
(6, 'двери', 600, 600, 1, 1, 3),
(7, 'светильники', 700, 1400, 1, 1, 1),
(8, 'подоконники', 800, 1300, 1, 1, 1),
(9, 'электрика', 900, 500, 1, 1, 2),
(10, 'настенная плитка', 100, 100, 1, 2, 4),
(11, 'напольная плитка', 200, 600, 1, 2, 4),
(12, 'унитаз', 300, 500, 1, 2, 4),
(13, 'ванна', 400, 400, 1, 2, 4),
(14, 'душевая стойка', 500, 300, 1, 2, 4),
(15, 'тумба под раковину', 600, 200, 1, 2, 4),
(16, 'Плитка на фартук', 100, NULL, 1, 3, 0);

TRUNCATE TABLE `yii_calc_inputdata`;
INSERT INTO `yii_calc_inputdata` (`id`, `key`, `user_data`, `calc_data`, `complect_data`) VALUES
(1, 'r5Nujeuv0guJ4KizB19yQ_pSwAQMfX5w', '{\"address\":\"7200000100001660016\",\"roomcount\":\"1\",\"square\":\"160\",\"doorcount\":\"1\",\"toiletcount\":\"1\",\"second\":\"0\",\"wall\":\"0\"}', NULL, NULL),
(2, 'PCA2XLM1uiciUsQWoVsHLwlqZwQqafMy', '{\"address\":\"72000002000313500\",\"roomcount\":\"1\",\"square\":\"160\",\"doorcount\":\"1\",\"toiletcount\":\"1\",\"second\":\"0\",\"wall\":\"0\"}', NULL, NULL),
(3, '3rrWf1APEw-FuikAjI5k_CQnTpql-WMJ', '{\"address\":\"7200000100001660131\",\"roomcount\":\"1\",\"square\":\"160\",\"doorcount\":\"1\",\"toiletcount\":\"1\",\"second\":\"0\",\"wall\":\"0\"}', NULL, NULL),
(4, '1c0DM56WXybnRu9U0UraSuRnS536_ep4', '{\"address\":\"7200000100001660131\",\"roomcount\":\"1\",\"square\":\"160\",\"doorcount\":\"1\",\"toiletcount\":\"1\",\"second\":\"0\",\"wall\":\"0\",\"address_name\":\"\\u0433. \\u0422\\u044e\\u043c\\u0435\\u043d\\u044c, \\u0443\\u043b. \\u0420\\u0435\\u0441\\u043f\\u0443\\u0431\\u043b\\u0438\\u043a\\u0438, \\u0434. 143\\u0430\"}', NULL, NULL),
(5, 'HE2rPJZYdeeMyMa1oZPQewAWxhEk1suo', '{\"key\":\"HE2rPJZYdeeMyMa1oZPQewAWxhEk1suo\",\"address\":\"\\u0433. \\u0422\\u044e\\u043c\\u0435\\u043d\\u044c, \\u0443\\u043b. \\u0420\\u0435\\u0441\\u043f\\u0443\\u0431\\u043b\\u0438\\u043a\\u0438, \\u0434. 143\\u0430\",\"roomcount\":\"1\",\"square\":\"160\",\"doorcount\":\"1\",\"toiletcount\":\"1\",\"second\":\"0\",\"wall\":\"0\",\"address_name\":\"\\u0433. \\u0422\\u044e\\u043c\\u0435\\u043d\\u044c, \\u0443\\u043b. \\u0420\\u0435\\u0441\\u043f\\u0443\\u0431\\u043b\\u0438\\u043a\\u0438, \\u0434. \"}', NULL, NULL),
(6, 'HX2aHFsHeuXgZULe9TbryWMnshs3VniK', '{\"key\":\"HX2aHFsHeuXgZULe9TbryWMnshs3VniK\",\"address\":\"\\u0433. \\u0422\\u044e\\u043c\\u0435\\u043d\\u044c, \\u0443\\u043b. \\u0420\\u0435\\u0441\\u043f\\u0443\\u0431\\u043b\\u0438\\u043a\\u0438, \\u0434. 52\",\"roomcount\":\"1\",\"square\":\"60\",\"doorcount\":\"1\",\"toiletcount\":\"1\",\"second\":\"0\",\"wall\":\"0\",\"address_name\":\"\\u0433. \\u0422\\u044e\\u043c\\u0435\\u043d\\u044c, \\u0443\\u043b. \\u0420\\u0435\\u0441\\u043f\\u0443\\u0431\\u043b\\u0438\\u043a\\u0438, \\u0434. 52\"}', '[{\"id\":\"1\",\"count\":\"1\"},{\"id\":\"3\",\"count\":\"1\"},{\"id\":\"6\",\"count\":\"1\"}]', '[{\"id\":\"7\",\"count\":\"1\"},{\"id\":\"14\",\"count\":\"2\"}]'),
(7, 'lFHk4KaPgA_XTPpc4LyOERxmVFVcvgMr', '{\"key\":\"lFHk4KaPgA_XTPpc4LyOERxmVFVcvgMr\",\"address\":\"\\u0433. \\u0422\\u044e\\u043c\\u0435\\u043d\\u044c, \\u0443\\u043b. \\u041f\\u0443\\u0448\\u043a\\u0438\\u043d\\u0430, \\u0434. 25\",\"roomcount\":\"2\",\"square\":\"42\",\"doorcount\":\"4\",\"toiletcount\":\"1\",\"second\":\"1\",\"wall\":\"1\",\"address_name\":\"\\u0433. \\u0422\\u044e\\u043c\\u0435\\u043d\\u044c, \\u0443\\u043b. \\u041f\\u0443\\u0448\\u043a\\u0438\\u043d\\u0430, \\u0434. 25\"}', '[{\"id\":\"1\",\"count\":\"1\"},{\"id\":\"4\",\"count\":\"1\"},{\"id\":\"5\",\"count\":\"1\"}]', NULL),
(8, 'TsdKzYWeD7HseoyoAJVnpR5xGUskipv9', '{\"key\":\"\",\"address\":\"7200000100013730002\",\"roomcount\":\"1\",\"square\":\"42\",\"doorcount\":\"1\",\"toiletcount\":\"1\",\"second\":\"0\",\"wall\":\"0\",\"address_name\":\"\\u0433. \\u0422\\u044e\\u043c\\u0435\\u043d\\u044c, \\u0443\\u043b. \\u0410\\u043b\\u0435\\u043a\\u0441\\u0430\\u043d\\u0434\\u0440\\u0430 \\u041f\\u0443\\u0448\\u043a\\u0438\\u043d\\u0430, \\u0434. 5\\u0441\\u0442\\u04401\"}', '[{\"id\":\"2\",\"count\":\"1\"},{\"id\":\"3\",\"count\":\"1\"},{\"id\":\"5\",\"count\":\"1\"}]', NULL),
(9, 'QU61BqJnhJ2cLzc9qnf5U5ri-TBfbNDZ', '{\"key\":\"\",\"address\":\"7200000100001590001\",\"roomcount\":\"1\",\"square\":\"42\",\"doorcount\":\"1\",\"toiletcount\":\"1\",\"second\":\"0\",\"wall\":\"0\",\"address_name\":\"\\u0433. \\u0422\\u044e\\u043c\\u0435\\u043d\\u044c, \\u0443\\u043b. \\u041f\\u0443\\u0448\\u043a\\u0438\\u043d\\u0430, \\u0434. 24\"}', '[{\"id\":\"1\",\"count\":\"1\"},{\"id\":\"3\",\"count\":\"1\"},{\"id\":\"6\",\"count\":\"4\"}]', NULL);

TRUNCATE TABLE `yii_calc_request`;
INSERT INTO `yii_calc_request` (`id`, `name`, `phone`, `calckey`, `created_at`, `updated_at`) VALUES
(2, 'edededed', '93985985', 'HX2aHFsHeuXgZULe9TbryWMnshs3VniK', 1558275778, 1558275778);

TRUNCATE TABLE `yii_calc_room`;
INSERT INTO `yii_calc_room` (`id`, `name`, `baseimage`, `sort`) VALUES
(1, 'Комната', '/uploads/images/calculator/rooms/default.png', 100),
(2, 'Санузел', '/uploads/images/calculator/rooms/kerama_belkanto.png', 200),
(3, 'Кухня', '', 300);

TRUNCATE TABLE `yii_callorder`;
INSERT INTO `yii_callorder` (`id`, `name`, `phone`, `created_at`, `updated_at`) VALUES
(1, 'sxdcfvgbhnjmk', '1234567890', 1556870891, 1556870891),
(2, 'sxdcfvgbhnjmk', '1234567890', 1556871404, 1556871404);

TRUNCATE TABLE `yii_employee`;
INSERT INTO `yii_employee` (`id`, `fio`, `place`, `photo1`, `photo2`, `video`, `sort`, `sort_slide`) VALUES
(1, 'Шокир Шерметов', 'Директор компании «Home»', '/uploads/images/eph11.png', '/uploads/images/eph12.png', 'https://www.youtube.com/watch?v=nFKxH7am16A', 100, 300),
(2, 'Иванов Иван', 'Мастер компании «Home»', '/uploads/images/eph21.png', '/uploads/images/eph22.png', 'https://www.youtube.com/watch?v=nFKxH7am16A', 200, 400),
(3, 'Федор Федоров', 'Менеджер компании «Home»', '/uploads/images/eph31.png', '/uploads/images/eph32.png', 'https://www.youtube.com/watch?v=nFKxH7am16A', 300, 500),
(4, 'Игорь Петров', 'Мастер компании «Home»', '/uploads/images/eph41.png', '/uploads/images/eph42.png', 'https://www.youtube.com/watch?v=nFKxH7am16A', 400, 600),
(5, 'Дарья Иванова', 'Дизайнер компании «Home»', '/uploads/images/eph51.png', '/uploads/images/eph52.png', 'https://www.youtube.com/watch?v=nFKxH7am16A', 500, 200),
(6, 'Любовь Сидорова', 'Бухгалтер компании «Home»', '/uploads/images/eph61.png', '/uploads/images/eph62.png', 'https://www.youtube.com/watch?v=nFKxH7am16A', 600, 700),
(7, 'Даниил Павлов', 'Прораб компании «Home»', '', '/uploads/images/eph72.png', 'https://www.youtube.com/watch?v=nFKxH7am16A', NULL, 100);

TRUNCATE TABLE `yii_main_portfolio_gallery`;
INSERT INTO `yii_main_portfolio_gallery` (`id`, `sort`, `image`) VALUES
(1, 100, '/uploads/images/pgallery/ph1.jpg'),
(2, 200, '/uploads/images/pgallery/ph2.jpg'),
(3, 300, '/uploads/images/pgallery/ph3.jpg'),
(4, 400, '/uploads/images/pgallery/ph4.jpg'),
(5, 500, '/uploads/images/pgallery/ph5.jpg'),
(6, 600, '/uploads/images/pgallery/ph1.jpg'),
(7, 700, '/uploads/images/pgallery/ph2.jpg'),
(8, 800, '/uploads/images/pgallery/ph3.jpg'),
(9, 900, '/uploads/images/pgallery/ph4.jpg'),
(10, 1000, '/uploads/images/pgallery/ph5.jpg');

TRUNCATE TABLE `yii_measure`;
INSERT INTO `yii_measure` (`id`, `name`, `phone`, `created_at`, `updated_at`) VALUES
(1, 'dededede', '1323231312', 1556871471, 1556871471);

TRUNCATE TABLE `yii_menu`;
INSERT INTO `yii_menu` (`id`, `name`, `position`) VALUES
(1, 'Главное', 'mainmenu'),
(2, 'Верхнее', 'tophidden'),
(3, 'Подвал 1', 'footermain'),
(4, 'Подвал 2', 'footerrepair'),
(5, 'Подвал 3', 'footerworks');

TRUNCATE TABLE `yii_menu_content`;
INSERT INTO `yii_menu_content` (`id`, `menu_id`, `name`, `url`, `page_id`, `sort`, `menu_content_id`) VALUES
(1, 1, 'Главная', '/', 1, 100, NULL),
(2, 1, 'Наши работы', '/portfolio/', 2, 200, NULL),
(3, 1, 'Цены', '/czeny/', 3, 300, NULL),
(4, 1, 'Команда', '/komanda/', 4, 400, NULL),
(5, 1, 'Контакты', '/kontakty/', 5, 500, NULL),
(6, 2, 'Главная', '/', 1, 100, NULL),
(7, 2, 'Наши работы', '/portfolio/', 2, 200, 6),
(8, 2, 'Цены', '/czeny/', 3, 300, 6),
(9, 2, 'Команда', '/komanda/', 4, 400, 6),
(10, 2, 'Блог', '/blog/', 7, 500, 6),
(11, 2, 'Контакты', '/kontakty/', 5, 600, 6),
(12, 2, 'Дизайн интерьера', '', NULL, 700, NULL),
(13, 2, 'Кухни', '', NULL, 800, 12),
(14, 2, 'Шкафы - купе', '', NULL, 900, 12),
(15, 2, 'Окна', '', NULL, 1000, 12),
(16, 2, 'Натяжные потолки', '', NULL, 1100, 12),
(17, 2, 'Ремонт квартир', '', NULL, 1200, NULL),
(18, 2, 'Ремонт новостроек', '', NULL, 1300, 17),
(19, 2, 'Ремонт коттеджей', '', NULL, 1400, 17),
(20, 2, 'Ремонт офисов', '', NULL, 1500, 17),
(21, 2, 'Ремонт комнат', '', NULL, 1600, 17),
(22, 3, 'Главная', '/', 1, 100, NULL),
(23, 3, 'Портфолио', '/portfolio/', 2, 200, NULL),
(24, 3, 'Цены', '/czeny/', 3, 300, NULL),
(25, 3, 'Отзывы', '/otzyvy/', 23, 400, NULL),
(26, 3, 'Статьи', '/blog/', 7, 500, NULL),
(27, 3, 'Контакты', '/kontakty/', 5, 600, NULL),
(28, 4, 'Ремонт квартир', '/', NULL, 100, NULL),
(29, 4, 'Ремонт новостроек', '/', NULL, 200, NULL),
(30, 4, 'Ремонт коттеджей', '/', NULL, 300, NULL),
(31, 4, 'Ремонт офисов', '/', NULL, 400, NULL),
(32, 4, 'Ремонт комнат', '/', NULL, 500, NULL),
(33, 5, 'Кухни', '/', NULL, 100, NULL),
(34, 5, 'Шкафы-купе', '/', NULL, 200, NULL),
(35, 5, 'Окна', '/', NULL, 300, NULL),
(36, 5, 'Натяжные потолки', '/', NULL, 400, NULL);

TRUNCATE TABLE `yii_office_gallery`;
INSERT INTO `yii_office_gallery` (`id`, `sort`, `image`, `inwidget`) VALUES
(1, 100, '/uploads/images/ogallery/go1.jpg', 1),
(2, 200, '/uploads/images/ogallery/go2.jpg', 1),
(3, 300, '/uploads/images/ogallery/go3.jpg', 1),
(4, 400, '/uploads/images/ogallery/go4.jpg', 1),
(5, 500, '/uploads/images/ogallery/go5.jpg', 1),
(6, 600, '/uploads/images/ogallery/go6.jpg', 1),
(7, 700, '/uploads/images/ogallery/go1.jpg', 0);

TRUNCATE TABLE `yii_option_type`;
INSERT INTO `yii_option_type` (`id`, `name`, `field`) VALUES
(1, 'Изображение', '4'),
(2, 'Строка', '1'),
(3, 'Текст', '2'),
(4, 'Стилизованный текст', '6'),
(5, 'Файл', '7'),
(6, 'Кнопка', '8');

TRUNCATE TABLE `yii_page`;
INSERT INTO `yii_page` (`id`, `name`, `sort`, `page_type_id`, `page_id`, `template_id`, `status`, `created_at`, `updated_at`) VALUES
(1, 'Главная', NULL, 1, NULL, 2, 1, 1555687039, 1557404906),
(2, 'Портфолио', NULL, 1, NULL, 3, 1, 1556646734, 1557691071),
(3, 'Цены', NULL, 1, NULL, 4, 1, 1556697344, 1557822417),
(4, 'Команда', NULL, 1, NULL, 5, 1, 1556697507, 1557649530),
(5, 'Контакты', NULL, 1, NULL, 6, 1, 1556697605, 1557659464),
(6, 'Политика конфиденциальности', NULL, 1, NULL, NULL, 1, 1556709211, 1556709309),
(7, 'Блог', NULL, 1, NULL, 7, 1, 1556725842, 1556725842),
(8, 'Ремонты квартир', 100, 2, 2, 8, 1, 1557142959, 1557736134),
(9, 'Ремонт коттеджей', 200, 2, 2, 8, 1, 1557143056, 1557736167),
(10, 'Ремонт офисов', 300, 2, 2, 8, 1, 1557143084, 1557736198),
(11, 'Дизайн интерьера', 400, 2, 2, 8, 1, 1557143117, 1557736224),
(12, 'Евро ремонт двухкомнатной квартиры', 100, 3, 8, NULL, 1, 1557143404, 1557773286),
(13, 'Косметический ремонт', 200, 3, 8, NULL, 1, 1557143453, 1557696715),
(14, 'Евро ремонт двухкомнатной квартиры 2', 300, 3, 8, NULL, 1, 1557143492, 1557696720),
(15, 'Косметический ремонт 2', 100, 3, 9, NULL, 1, 1557143549, 1557696726),
(16, 'Евро ремонт двухкомнатной квартиры 3', 200, 3, 9, NULL, 1, 1557143581, 1557696733),
(17, 'Косметический ремонт 3', 300, 3, 9, NULL, 1, 1557143605, 1557696737),
(18, 'Евро ремонт двухкомнатной квартиры 4', 100, 3, 10, NULL, 1, 1557143632, 1557696740),
(19, 'Косметический ремонт 5', 200, 3, 10, NULL, 1, 1557143662, 1557696744),
(20, 'Евро ремонт двухкомнатной квартиры 5', 100, 3, 11, NULL, 1, 1557143695, 1557696748),
(21, 'Косметический ремонт 6', 200, 3, 11, NULL, 1, 1557143724, 1557696751),
(22, 'Калькулятор ремонта', NULL, 1, NULL, 10, 1, 1557254586, 1558310369),
(23, 'Отзывы', NULL, 1, NULL, NULL, 1, 1557564279, 1557564279),
(24, 'Цены. Отделка пола', 100, 1, 3, 11, 1, 1557815423, 1557828548),
(25, 'Цены. Отделка стен', 200, 1, 3, 11, 1, 1557815446, 1557822851),
(26, 'Цены. Отделка потолка', 300, 1, 3, 11, 1, 1557815467, 1557822858),
(27, 'Цены. Плиточные работы', 400, 1, 3, 11, 1, 1557815492, 1557822867),
(28, 'Цены. Сантехнические работы', 500, 1, 3, 11, 1, 1557815513, 1557822875),
(29, 'Цены. Электрические работы', 600, 1, 3, 11, 1, 1557815532, 1557822883),
(30, 'Цены. Отделка балконов', 700, 1, 3, 11, 1, 1557815553, 1557822891),
(31, 'Цены. Натяжные потолки', 800, 1, 3, 11, 1, 1557815577, 1557822897),
(32, 'Цены. Дизайн-проект', 900, 1, 3, 11, 1, 1557815599, 1557822904),
(33, 'Карта сайта', NULL, 1, NULL, 12, 1, 1558319580, 1558319666);

TRUNCATE TABLE `yii_page_option`;
INSERT INTO `yii_page_option` (`id`, `name`, `code`, `default_value`, `sort`, `template_id`, `option_type_id`) VALUES
(1, 'Экран 1. Фон', 'back1', '', 100, 2, 1),
(2, 'Экран 1. Заголовок 1', 'header1', '', 200, 2, 3),
(3, 'Экран 1. Заголовок 2', 'header2', '', 300, 2, 3),
(4, 'Экран 1. Надпись на кнопке', 'cta1text', '', 400, 2, 2),
(5, 'Экран 1. Ссылка на кнопке', 'cta1link', '', 500, 2, 2),
(6, 'Экран 1. Ссылка на видео', 'video1link', '', 700, 2, 2),
(7, 'Экран 1. Надпись на видео', 'video1text', '', 600, 2, 2),
(8, 'Экран 3. Заголовок', 'header3', '', 800, 2, 3),
(9, 'Экран 3. Ссылка на видео', 'video2link', '', 900, 2, 2),
(10, 'Экран 3. Фон для видео', 'back2', '', 1000, 2, 1),
(11, 'Экран 4. Заголовок', 'header4', '', 1100, 2, 3),
(12, 'Экран 4. Список', 'list1', '', 1200, 2, 4),
(13, 'Экран 4. Файл договора', 'file1', '', 1300, 2, 5),
(14, 'Экран 4. Текст для ссылки', 'file1text', '', 1400, 2, 2),
(15, 'Экран 4. Изображение договора', 'image1', '', 1500, 2, 1),
(16, 'Экран 5. Основное изображение', 'image2', '', 1600, 2, 1),
(17, 'Экран 5. Ссылка на видео', 'video3link', '', 1700, 2, 2),
(18, 'Экран 5. Заголовок', 'header5', '', 1800, 2, 3),
(19, 'Экран 5. Список', 'list2', '', 1900, 2, 4),
(20, 'Экран 5. Надпись на кнопке', 'cta2text', '', 2000, 2, 2),
(21, 'Экран 5. Ссылка на кнопке', 'cta2link', '', 2100, 2, 2),
(22, 'Экран 6. Заголовок', 'header6', '', 2200, 2, 3),
(23, 'Список', 'button1', '/admin/work-progress', 2300, 2, 6),
(24, 'Экран 7. Заголовок', 'header7', '', 2400, 2, 3),
(25, 'Цены', 'button2', '/admin/price-caption', 2500, 2, 6),
(26, 'Экран 8. Фон', 'back3', '', 2600, 2, 1),
(27, 'Экран 8. Заголовок', 'header8', '', 2700, 2, 2),
(28, 'Экран 8. Количество объектов', 'header9', '', 2800, 2, 2),
(29, 'Галерея портфолио', 'button3', '/admin/main-portfolio-gallery', 2900, 2, 6),
(30, 'Экран 8. Текст на ссылке', 'cta3text', '', 3000, 2, 2),
(31, 'Экран 8. Ссылка', 'cta3link', '', 3100, 2, 2),
(32, 'Экран 9. Заголовок', 'header10', '', 3200, 2, 3),
(33, 'Экран 9. Количество отображаемых отзывов', 'reviewcountopen', '', 3300, 2, 2),
(34, 'Экран 9. Общее количество отзывов', 'reviewcountall', '', 3400, 2, 2),
(35, 'Экран 9. Текст на кнопке всех отзывов', 'cta4text', '', 3500, 2, 2),
(36, 'Экран 10. Заголовок', 'header11', '', 3600, 2, 3),
(37, 'Список видео', 'button4', '/youtube-video/index', 3700, 2, 6),
(38, 'Экран 10. Надпись на ссылке', 'cta5text', '', 3800, 2, 2),
(39, 'Экран 10. Ссылка на канал', 'cta5link', '', 3900, 2, 2),
(40, 'Экран 11. Заголовок', 'header12', '', 4000, 2, 3),
(41, 'Экран 11. Изображение', 'image3', '', 4100, 2, 1),
(42, 'Заголовок калькулятора', 'header13', '', 4200, 2, 2),
(43, 'Текст на кнопке перехода на калькулятор', 'cta6text', '', 4300, 2, 2),
(44, 'Экран 12. Заголовок 1', 'header14', '', 4400, 2, 3),
(45, 'Экран 12. Заголовок 2', 'header15', '', 4500, 2, 3),
(46, 'Экран 12. Описание', 'text1desc', '', 4600, 2, 3),
(47, 'Экран 1. Фон', 'back4', '', 100, 5, 1),
(48, 'Экран 1. Заголовок', 'header16', '', 200, 5, 3),
(49, 'Экран 1. Ссылка на видео', 'video4link', '', 300, 5, 2),
(50, 'Текст на ссылке', 'video4text', '', 400, 5, 2),
(51, 'Экран 2. Ссылка 1', 'cta7link', '', 500, 5, 2),
(52, 'Текст на ссылке', 'cta7text', '', 600, 5, 2),
(53, 'Экран 2. Ссылка 2', 'cta8link', '', 700, 5, 2),
(54, 'Текст на ссылке', 'cta8text', '', 800, 5, 2),
(55, 'Экран 3. Заголовок', 'header17', '', 900, 5, 3),
(56, 'Экран 3. Подзаголовок', 'header18', '', 1000, 5, 3),
(57, 'Команда', 'button5', '/admin/employee', 1100, 5, 6),
(58, 'Экран 4. Заголовок', 'header19', '', 1200, 5, 3),
(59, 'Галерея офиса', 'button6', '/admin/office-gallery', 1300, 5, 6),
(60, 'Достижения. Заголовок', 'header20', '', 1400, 5, 3),
(61, 'Достижения', 'button7', '/admin/progress-gallery', 1500, 5, 6),
(62, 'Экран 1. Заголовок', 'header21', '', 100, 6, 3),
(63, 'Код карты', 'map1', '', 200, 6, 3),
(64, 'Телефон', 'contactphone', '', 300, 6, 3),
(65, 'E-mail', 'contactemail', '', 400, 6, 3),
(66, 'Адрес', 'contactaddress', '', 500, 6, 3),
(67, 'Экран 2. Заголовок', 'header22', '', 600, 6, 3),
(68, 'Реквизиты', 'contactdetails', '', 700, 6, 4),
(69, 'Заголовок страницы', 'header23', '', 100, 3, 3),
(70, 'Изображение для страницы Портфолио', 'image4', '', 100, 8, 1),
(71, 'Заголовок для страницы Портфолио', 'header24', '', 200, 8, 3),
(72, 'Подзаголовок для страницы Портфолио', 'header25', '', 300, 8, 3),
(73, 'Надпись на кнопке', 'cta9text', '', 400, 8, 2),
(74, 'Изображение для списка', 'image5', '', 100, 9, 1),
(75, 'Заголовок для списка', 'header26', '', 200, 9, 3),
(76, 'Свойства для списка', 'header27', '', 300, 9, 3),
(77, 'Описание для списка', 'text2desc', '', 400, 9, 3),
(78, 'Заголовок у меню', 'header28', '', 500, 8, 3),
(79, 'Название для меню', 'header29', '', 600, 8, 2),
(80, 'Основной заголовок', 'header30', '', 500, 9, 3),
(81, 'Адрес', 'header31', '', 600, 9, 3),
(82, 'Изображение в шапке', 'image6', '', 700, 9, 1),
(83, 'Заголовок над отзывами', 'header32', 'Отзыв заказчика', 800, 9, 3),
(84, 'Галерея', 'button8', '/admin/portfolio-gallery', 900, 9, 6),
(85, 'Заголовок над галереей выполненной работы', 'header33', 'Фото выполненной работы', 850, 9, 3),
(86, 'Заголовок над видеообзором', 'header34', 'Обзор объекта после ремонта', 1100, 9, 3),
(87, 'Ссылка на видео', 'video5link', '', 1200, 9, 2),
(88, 'Обложка на видео', 'video5image', '', 1300, 9, 1),
(89, 'Заголовок над галереей до ремонта', 'header35', 'Фото до начала работы', 1400, 9, 3),
(90, 'Заголовок над обзором до ремонта', 'header36', 'Обзор объекта до начала работы', 1500, 9, 3),
(91, 'Ссылка на видео', 'video6link', '', 1600, 9, 2),
(92, 'Обложка на видео', 'video6image', '', 1700, 9, 1),
(93, 'Галерея', 'button9', '/admin/portfolio-gallery', 1450, 9, 6),
(94, 'Заголовок страницы', 'header37', '', 100, 4, 3),
(95, 'Заголовок над ценами', 'header38', 'Виды ремонта и стоимость', 200, 4, 3),
(96, 'Заголовок над калькулятором', 'header39', '', 300, 4, 3),
(97, 'Изображение', 'image7', '', 400, 4, 1),
(98, 'Заголовок калькулятора', 'header40', '', 500, 4, 3),
(99, 'Текст на кнопке перехода на калькулятор', 'cta10text', '', 600, 4, 2),
(100, 'Заголовок над видами работ', 'header41', '', 700, 4, 3),
(101, 'Заголовок для списка', 'header42', '', 100, 11, 2),
(102, 'Изображение для списка', 'image8', '', 200, 11, 1),
(103, 'Заголовок над видео', 'header43', '', 800, 4, 3),
(104, 'Ссылка на видео', 'video7link', '', 900, 4, 2),
(105, 'Обложка на видео', 'video7image', '', 1000, 4, 1),
(106, 'Экран 6. Заголовок 1', 'header44', '', 1100, 4, 3),
(107, 'Экран 6. Заголовок 2', 'header45', '', 1200, 4, 3),
(108, 'Экран 6. Описание', 'text3desc', '', 1300, 4, 3),
(109, 'Изображение для списка 2', 'image9', '', 300, 11, 1),
(110, 'Заголовок страницы', 'header46', '', 400, 11, 3),
(111, 'Блок с ценами', 'text4desc', '<p>Заголовок</p>\r\n\r\n<table border=\"1\" cellpadding=\"1\" cellspacing=\"1\">\r\n	<thead>\r\n		<tr>\r\n			<th scope=\"col\">Виды работ</th>\r\n			<th scope=\"col\">Единицы изм.</th>\r\n			<th scope=\"col\">Цена</th>\r\n		</tr>\r\n	</thead>\r\n	<tbody>\r\n		<tr>\r\n			<td>&nbsp;</td>\r\n			<td>&nbsp;</td>\r\n			<td>&nbsp;</td>\r\n		</tr>\r\n		<tr>\r\n			<td>&nbsp;</td>\r\n			<td>&nbsp;</td>\r\n			<td>&nbsp;</td>\r\n		</tr>\r\n	</tbody>\r\n</table>\r\n\r\n<p>&nbsp;</p>\r\n\r\n<p>Заголовок</p>\r\n\r\n<table border=\"1\" cellpadding=\"1\" cellspacing=\"1\">\r\n	<thead>\r\n		<tr>\r\n			<th scope=\"col\">Виды работ</th>\r\n			<th scope=\"col\">Единицы изм.</th>\r\n			<th scope=\"col\">Цена</th>\r\n		</tr>\r\n	</thead>\r\n	<tbody>\r\n		<tr>\r\n			<td>&nbsp;</td>\r\n			<td>&nbsp;</td>\r\n			<td>&nbsp;</td>\r\n		</tr>\r\n		<tr>\r\n			<td>&nbsp;</td>\r\n			<td>&nbsp;</td>\r\n			<td>&nbsp;</td>\r\n		</tr>\r\n	</tbody>\r\n</table>\r\n\r\n<p>&nbsp;</p>\r\n', 500, 11, 4),
(112, 'Заголовок над калькулятором', 'header47', '', 600, 11, 3),
(113, 'Изображение', 'image10', '', 600, 11, 1),
(114, 'Заголовок калькулятора', 'header48', '', 700, 11, 3),
(115, 'Текст на кнопке перехода на калькулятор', 'cta11text', '', 800, 11, 2),
(116, 'Экран 4. Заголовок 1', 'header49', '', 1000, 11, 3),
(117, 'Экран 4. Заголовок 2', 'header50', '', 1100, 11, 3),
(118, 'Экран 4. Описание', 'text5desc', '', 1200, 11, 3),
(119, 'Заголовок над калькулятором', 'header51', '', 100, 10, 3),
(120, 'Изображение', 'image11', '', 200, 10, 1),
(121, 'Заголовок калькулятора', 'header52', '', 300, 10, 3),
(122, 'Текст на кнопке перехода на калькулятор', 'cta12text', '', 400, 10, 2),
(130, 'Заголовок на странице расчета', 'header53', '', 450, 10, 3),
(131, 'Текст над формой заказа', 'cta13text', '', 700, 10, 4),
(132, 'Надпись на кнопке', 'cta13link', '', 800, 10, 2),
(133, 'Заголовок над готовыми стилями', 'header54', '', 500, 10, 3),
(134, 'Описание готовых стилей', 'text6desc', '', 600, 10, 3),
(135, 'Заголовок над составом', 'header55', '', 650, 10, 3),
(136, 'Заголовок над дополнительными элементами', 'header56', '', 660, 10, 3);

TRUNCATE TABLE `yii_page_option_value`;
INSERT INTO `yii_page_option_value` (`id`, `page_option_id`, `page_id`, `value`) VALUES
(1, 1, 1, '/uploads/images/back1.jpg'),
(2, 2, 1, 'Качественный ремонт квартир\r\nв Тюмени от 2500 р/м. кв'),
(3, 3, 1, 'Не выполнили работу в срок? Вернем деньги.\r\nРаботаем без предоплаты!'),
(4, 4, 1, 'Узнать стоимость ремонта'),
(5, 5, 1, '#foz-measure'),
(6, 7, 1, 'Видео о компании'),
(7, 6, 1, 'https://www.youtube.com/watch?v=nFKxH7am16A'),
(8, 8, 1, 'Почему Тюменцы выбирают компанию Home?'),
(9, 9, 1, 'https://www.youtube.com/watch?v=nFKxH7am16A'),
(10, 10, 1, '/uploads/images/bcvideo1.png'),
(11, 11, 1, 'Гарантируем сроки и качество работ'),
(12, 12, 1, '<ul>\r\n	<li>Подписываем официальный договор, где зафиксированы<br />\r\n	сроки и точная стоимость работ.</li>\r\n	<li>При не соблюдении сроком, мы выплачиваем 0,1 %<br />\r\n	от стоимости работ в день!</li>\r\n	<li>Вы получаете гарантию 2 года на все работы по договору.</li>\r\n	<li>Мы работаем с физическими и юридическими лицами.</li>\r\n</ul>\r\n'),
(13, 13, 1, '/uploads/dogovor.docx'),
(14, 14, 1, 'Скачать договор'),
(15, 15, 1, '/uploads/images/contract.png'),
(16, 16, 1, '/uploads/images/photo5.jpg'),
(17, 17, 1, 'https://www.youtube.com/watch?v=nFKxH7am16A'),
(18, 18, 1, 'Работаем без предоплаты'),
(19, 19, 1, '<ul>\r\n	<li>Производим замер, согласовываем стоимость.</li>\r\n	<li>Фиксируем сроки и заключаем договор.</li>\r\n	<li>Разбиваем работу на этапы.</li>\r\n	<li>Вы платите только за выполненные этапы<br />\r\n	работы!</li>\r\n</ul>\r\n'),
(20, 20, 1, 'Вызвать замерщика'),
(21, 21, 1, '#foz-measure'),
(22, 22, 1, 'Вы контролируете весь ход работы, \r\nполучаете скидки на материал'),
(23, 24, 1, 'Виды ремонта и стоимость'),
(24, 26, 1, '/uploads/images/back2.jpg'),
(25, 27, 1, 'Наши работы и отзывы:'),
(26, 28, 1, '26 объектов'),
(27, 30, 1, 'Посмотреть всё портфолио'),
(28, 31, 1, '/portfolio/'),
(29, 32, 1, 'Отзывы клиентов'),
(30, 33, 1, '2'),
(31, 34, 1, '6'),
(32, 35, 1, 'Смотреть еще'),
(33, 36, 1, 'Посмотрите наш Youtube канал'),
(34, 38, 1, 'Перейти на Youtube канал'),
(35, 39, 1, 'https://www.youtube.com/'),
(36, 40, 1, 'Рассчитайте стоимость вашего ремонта'),
(37, 41, 1, '/uploads/images/calcimage.jpg'),
(38, 42, 1, 'Конструктор ремонта'),
(39, 43, 1, 'Перейти к конструктору'),
(40, 44, 1, 'Хочешь получить скидку?'),
(41, 45, 1, 'Подпишись на наши соц. сети и получи скидку на ремонт.'),
(42, 46, 1, 'Подробности узнайте у менеджера по телефону: +7 (3452) 901-906'),
(43, 47, 4, '/uploads/images/back3.jpg'),
(44, 48, 4, 'Home - сплоченная команда'),
(45, 49, 4, 'https://www.youtube.com/watch?v=nFKxH7am16A'),
(46, 50, 4, 'Посмотреть видео о компании'),
(47, 51, 4, '#command'),
(48, 52, 4, 'Команда'),
(49, 53, 4, '#progress'),
(50, 54, 4, 'Достижения'),
(51, 55, 4, 'Наша команда'),
(52, 56, 4, 'Мы заботимся о качестве вашего ремонта и сроках выполнения работ.'),
(53, 58, 4, 'Наш офис'),
(54, 60, 4, 'Достижения компании «Home»'),
(55, 62, 5, 'Как с нами связаться'),
(56, 63, 5, '<script type=\"text/javascript\" charset=\"utf-8\" async src=\"https://api-maps.yandex.ru/services/constructor/1.0/js/?um=constructor%3Ad13fab35e1de62c0747345f7d21010f7efb5dbc11950bbe3a83fb25ef31f0280&amp;width=511&amp;height=409&amp;lang=ru_RU&amp;scroll=true\"></script>'),
(57, 64, 5, '+7 (3452) 901-906'),
(58, 65, 5, 'homedesign72@mail.ru'),
(59, 66, 5, '625000, г. Тюмень, \r\nулица 30 лет Победы, \r\n27/1 оф. 201'),
(60, 67, 5, 'Реквизиты компании'),
(61, 68, 5, '<table border=\"1\" cellpadding=\"5\" cellspacing=\"1\">\r\n	<tbody>\r\n		<tr>\r\n			<td>Название организации:</td>\r\n			<td>ООО &laquo;Хоум&raquo;</td>\r\n		</tr>\r\n		<tr>\r\n			<td>\r\n			<div>Директор:</div>\r\n			</td>\r\n			<td>Шерматов Шокир</td>\r\n		</tr>\r\n		<tr>\r\n			<td>\r\n			<div>ИНН/КПП:</div>\r\n			</td>\r\n			<td>7204186349/720301001</td>\r\n		</tr>\r\n		<tr>\r\n			<td>\r\n			<div>ОГРНИП:</div>\r\n			</td>\r\n			<td>1127232073760</td>\r\n		</tr>\r\n		<tr>\r\n			<td>\r\n			<div>Юридический адрес:</div>\r\n			</td>\r\n			<td>625000, г. Тюмень, улица 30 лет Победы, 27/1 оф. 201</td>\r\n		</tr>\r\n		<tr>\r\n			<td>\r\n			<div>Фактический адрес:</div>\r\n			</td>\r\n			<td>625000, г. Тюмень, улица 30 лет Победы, 27/1 оф. 201</td>\r\n		</tr>\r\n		<tr>\r\n			<td>\r\n			<div>Телефон:</div>\r\n			</td>\r\n			<td>8 (3452) 901-906</td>\r\n		</tr>\r\n		<tr>\r\n			<td>\r\n			<div>E-mail:</div>\r\n			</td>\r\n			<td>homedesign72@mail.ru</td>\r\n		</tr>\r\n	</tbody>\r\n</table>\r\n\r\n<p>&nbsp;</p>\r\n'),
(62, 69, 2, 'Наше портфолио'),
(63, 70, 8, '/uploads/images/portfolio/port1.png'),
(64, 71, 8, 'Ремонты квартир'),
(65, 72, 8, 'В портфолио 56 квартир'),
(66, 73, 8, 'Посмотреть ремонты'),
(67, 70, 9, '/uploads/images/portfolio/port4.png'),
(68, 71, 9, 'Ремонты коттеджей'),
(69, 72, 9, 'В портфолио 6 коттеджей'),
(70, 73, 9, 'Посмотреть ремонты'),
(71, 70, 10, '/uploads/images/portfolio/port7.png'),
(72, 71, 10, 'Ремонт коммерческих помещений'),
(73, 72, 10, 'В портфолио 3 ремонта'),
(74, 73, 10, 'Посмотреть ремонты'),
(75, 70, 11, '/uploads/images/portfolio/port10.png'),
(76, 71, 11, 'Дизайн интерьеров'),
(77, 72, 11, 'В портфолио 27 дизайнов'),
(78, 73, 11, 'Посмотреть ремонты'),
(79, 74, 12, '/uploads/images/portfolio/port2.png'),
(80, 75, 12, 'Евро ремонт'),
(81, 76, 12, 'Общая площадь: 59 кв. м.\r\nСрок выполнения: 2 месяца'),
(82, 77, 12, 'Ремонт квартиры по адресу:\r\nг. Тюмень, ул. Республики 154'),
(83, 74, 13, '/uploads/images/portfolio/port3.png'),
(84, 75, 13, 'Косметический ремонт'),
(85, 76, 13, 'Общая площадь: 59 кв. м.\r\nСрок выполнения: 1 месяц'),
(86, 77, 13, 'Ремонт квартиры по адресу:\r\nг. Тюмень, ул. Республики 154'),
(87, 74, 14, '/uploads/images/portfolio/port2.png'),
(88, 75, 14, 'Евро ремонт'),
(89, 76, 14, 'Общая площадь: 59 кв. м.\r\nСрок выполнения: 2 месяца'),
(90, 77, 14, 'Ремонт квартиры по адресу:\r\nг. Тюмень, ул. Республики 154'),
(91, 74, 15, '/uploads/images/portfolio/port5.png'),
(92, 75, 15, 'Евро ремонт'),
(93, 76, 15, 'Общая площадь: 59 кв. м.\r\nСрок выполнения: 2 месяца'),
(94, 77, 15, 'Ремонт квартиры по адресу:\r\nг. Тюмень, ул. Республики 154'),
(95, 74, 16, '/uploads/images/portfolio/port6.png'),
(96, 75, 16, 'Косметический ремонт'),
(97, 76, 16, 'Общая площадь: 59 кв. м.\r\nСрок выполнения: 1 месяц'),
(98, 77, 16, 'Ремонт квартиры по адресу:\r\nг. Тюмень, ул. Республики 154'),
(99, 74, 17, '/uploads/images/portfolio/port5.png'),
(100, 75, 17, 'Евро ремонт'),
(101, 76, 17, 'Общая площадь: 59 кв. м.\r\nСрок выполнения: 2 месяца'),
(102, 77, 17, 'Ремонт квартиры по адресу:\r\nг. Тюмень, ул. Республики 154'),
(103, 74, 18, '/uploads/images/portfolio/port8.png'),
(104, 75, 18, 'Евро ремонт'),
(105, 76, 18, 'Общая площадь: 59 кв. м.\r\nСрок выполнения: 2 месяца'),
(106, 77, 18, 'Ремонт квартиры по адресу:\r\nг. Тюмень, ул. Республики 154'),
(107, 74, 19, '/uploads/images/portfolio/port9.png'),
(108, 75, 19, 'Косметический ремонт'),
(109, 76, 19, 'Общая площадь: 59 кв. м.\r\nСрок выполнения: 1 месяц'),
(110, 77, 19, 'Ремонт квартиры по адресу:\r\nг. Тюмень, ул. Республики 154'),
(111, 74, 20, '/uploads/images/portfolio/port11.png'),
(112, 75, 20, 'Евро ремонт'),
(113, 76, 20, 'Общая площадь: 59 кв. м.\r\nСрок выполнения: 2 месяца'),
(114, 77, 20, 'Ремонт квартиры по адресу:\r\nг. Тюмень, ул. Республики 154'),
(115, 74, 21, '/uploads/images/portfolio/port12.png'),
(116, 75, 21, 'Косметический ремонт'),
(117, 76, 21, 'Общая площадь: 59 кв. м.\r\nСрок выполнения: 1 месяц'),
(118, 77, 21, 'Ремонт квартиры по адресу:\r\nг. Тюмень, ул. Республики 154'),
(119, 78, 8, 'Наше портфолио'),
(120, 79, 8, 'Ремонты квартир'),
(121, 78, 9, 'Наше портфолио'),
(122, 79, 9, 'Ремонт коттеджей'),
(123, 78, 10, 'Наше портфолио'),
(124, 79, 10, 'Ремонт офисов'),
(125, 78, 11, 'Наше портфолио'),
(126, 79, 11, 'Дизайн интерьера'),
(127, 80, 12, 'Евро ремонт двухкомнатной квартиры'),
(128, 81, 12, 'Адрес: г. Тюмень, ул. Монтажников 18'),
(129, 82, 12, '/uploads/images/portfolio/port13.jpg'),
(130, 83, 12, ''),
(131, 85, 12, ''),
(132, 86, 12, ''),
(133, 87, 12, 'https://www.youtube.com/watch?v=nFKxH7am16A'),
(134, 88, 12, '/uploads/images/cover3.png'),
(135, 89, 12, ''),
(136, 90, 12, ''),
(137, 91, 12, 'https://www.youtube.com/watch?v=nFKxH7am16A'),
(138, 92, 12, '/uploads/images/cover3.png'),
(139, 94, 3, 'Цены на ремонт квартир в Тюмени'),
(140, 95, 3, ''),
(141, 96, 3, 'Рассчитайте стоимость ремонта'),
(142, 97, 3, '/uploads/images/calcimage.jpg'),
(143, 98, 3, 'Конструктор ремонта'),
(144, 99, 3, 'Перейти к конструктору'),
(145, 101, 24, 'Отделка пола'),
(146, 102, 24, '/uploads/images/pr1.png'),
(147, 101, 25, 'Отделка стен'),
(148, 102, 25, '/uploads/images/pr2.png'),
(149, 101, 26, 'Отделка потолка'),
(150, 102, 26, '/uploads/images/pr3.png'),
(151, 101, 27, 'Плиточные работы'),
(152, 102, 27, '/uploads/images/pr4.png'),
(153, 101, 28, 'Сантехнические работы'),
(154, 102, 28, '/uploads/images/pr5.png'),
(155, 101, 29, 'Электрические работы'),
(156, 102, 29, '/uploads/images/pr6.png'),
(157, 101, 30, 'Отделка балконов'),
(158, 102, 30, '/uploads/images/pr7.png'),
(159, 101, 31, 'Натяжные потолки'),
(160, 102, 31, '/uploads/images/pr8.png'),
(161, 101, 32, 'Дизайн-проект'),
(162, 102, 32, '/uploads/images/pr9.png'),
(163, 100, 3, 'Посмотрите стоимость на виды работ'),
(164, 103, 3, 'Узнайте от чего зависит стоимость ремонта'),
(165, 104, 3, 'https://www.youtube.com/watch?v=nFKxH7am16A'),
(166, 105, 3, '/uploads/images/cover3.png'),
(167, 106, 3, 'Хочешь получить скидку?'),
(168, 107, 3, 'Подпишись на наши соц. сети и получи скидку на ремонт.'),
(169, 108, 3, 'Подробности узнайте у менеджера по телефону: +7 (3452) 901-906'),
(170, 109, 24, '/uploads/images/pr1h.png'),
(171, 109, 25, '/uploads/images/pr2h.png'),
(172, 109, 26, '/uploads/images/pr3h.png'),
(173, 109, 27, '/uploads/images/pr4h.png'),
(174, 109, 28, '/uploads/images/pr5h.png'),
(175, 109, 29, '/uploads/images/pr6h.png'),
(176, 109, 30, '/uploads/images/pr7h.png'),
(177, 109, 31, '/uploads/images/pr8h.png'),
(178, 109, 32, '/uploads/images/pr9h.png'),
(179, 110, 24, 'Цены на отделку пола в Тюмени'),
(180, 111, 24, '<p>Заголовок</p>\r\n\r\n<table border=\"1\" cellpadding=\"1\" cellspacing=\"1\">\r\n	<thead>\r\n		<tr>\r\n			<th scope=\"col\">Виды работ</th>\r\n			<th scope=\"col\">Единицы изм.</th>\r\n			<th scope=\"col\">Цена</th>\r\n		</tr>\r\n	</thead>\r\n	<tbody>\r\n		<tr>\r\n			<td>Первый</td>\r\n			<td>упак.</td>\r\n			<td>15 000</td>\r\n		</tr>\r\n		<tr>\r\n			<td>&nbsp;</td>\r\n			<td>&nbsp;</td>\r\n			<td>&nbsp;</td>\r\n		</tr>\r\n	</tbody>\r\n</table>\r\n\r\n<p>&nbsp;</p>\r\n\r\n<p>Заголовок</p>\r\n\r\n<table border=\"1\" cellpadding=\"1\" cellspacing=\"1\">\r\n	<thead>\r\n		<tr>\r\n			<th scope=\"col\">Виды работ</th>\r\n			<th scope=\"col\">Единицы изм.</th>\r\n			<th scope=\"col\">Цена</th>\r\n		</tr>\r\n	</thead>\r\n	<tbody>\r\n		<tr>\r\n			<td>&nbsp;</td>\r\n			<td>&nbsp;</td>\r\n			<td>&nbsp;</td>\r\n		</tr>\r\n		<tr>\r\n			<td>&nbsp;</td>\r\n			<td>&nbsp;</td>\r\n			<td>&nbsp;</td>\r\n		</tr>\r\n	</tbody>\r\n</table>\r\n\r\n<p>&nbsp;</p>\r\n'),
(181, 112, 24, 'Рассчитайте стоимость ремонта'),
(182, 113, 24, '/uploads/images/calcimage.jpg'),
(183, 114, 24, 'Конструктор ремонта'),
(184, 115, 24, 'Перейти к конструктору'),
(185, 116, 24, 'Хочешь получить скидку?'),
(186, 117, 24, 'Подпишись на наши соц. сети и получи скидку на ремонт.'),
(187, 118, 24, 'Подробности узнайте у менеджера по телефону: +7 (3452) 901-906'),
(188, 119, 22, ''),
(189, 120, 22, '/uploads/images/calcimage.jpg'),
(190, 121, 22, 'Конструктор ремонта'),
(191, 122, 22, 'Конструктор ремонта'),
(199, 130, 22, 'Калькулятор ремонта'),
(200, 131, 22, '<p>Далее нам нужно договориться с вами о замере, для этого понадобятся ваши контактные данные.&nbsp;<br />\r\nВ течение 30 минут в рабочее время мы свяжемся с вами&nbsp;для уточнения удобного времени проведения замера.</p>\r\n'),
(201, 132, 22, 'Оставить заявку на замер'),
(202, 133, 22, 'Готовые стили'),
(203, 134, 22, 'Мы приготовили для вас готовые стили ремонтов. \r\nВы можете самостоятельно менять в них материалы по вашему вкусу.'),
(204, 135, 22, 'По умолчанию в стандартную комплектацию уже входят:'),
(205, 136, 22, 'Дополнительные опции');

TRUNCATE TABLE `yii_page_seo`;
INSERT INTO `yii_page_seo` (`id`, `page_id`, `url`, `h1`, `title`, `keywords`, `description`, `content`, `noindex`) VALUES
(1, 2, 'portfolio', '', '', '', '', '', 0),
(2, 3, 'czeny', '', '', '', '', '', 0),
(3, 4, 'komanda', '', '', '', '', '', 0),
(4, 5, 'kontakty', '', '', '', '', '', 0),
(5, 6, 'politics', '', '', '', '', '', 0),
(6, 7, 'blog', NULL, NULL, NULL, NULL, NULL, 0),
(7, 1, 'glavnaya', 'h1', 'ttt', 'kkk', 'ddd', '<p>ccc</p>\r\n', 0),
(8, 8, 'remonty-kvartir', '', '', '', '', '', 0),
(9, 9, 'remont-kottedzhej', '', '', '', '', '', 0),
(10, 10, 'remont-ofisov', '', '', '', '', '', 0),
(11, 11, 'dizajn-interera', '', '', '', '', '', 0),
(12, 12, 'evro-remont-dvuhkomnatnoj-kvartiry', '', '', '', '', '', 0),
(13, 13, 'kosmeticheskij-remont', '', '', '', '', '', 0),
(14, 14, 'evro-remont-dvuhkomnatnoj-kvartiry-2', '', '', '', '', '', 0),
(15, 15, 'kosmeticheskij-remont-2', '', '', '', '', '', 0),
(16, 16, 'evro-remont-dvuhkomnatnoj-kvartiry-3', '', '', '', '', '', 0),
(17, 17, 'kosmeticheskij-remont-3', '', '', '', '', '', 0),
(18, 18, 'evro-remont-dvuhkomnatnoj-kvartiry-4', '', '', '', '', '', 0),
(19, 19, 'kosmeticheskij-remont-5', '', '', '', '', '', 0),
(20, 20, 'evro-remont-dvuhkomnatnoj-kvartiry-5', '', '', '', '', '', 0),
(21, 21, 'kosmeticheskij-remont-6', '', '', '', '', '', 0),
(22, 22, 'kalkulyator-remonta', '', '', '', '', '', 0),
(23, 23, 'otzyvy', NULL, NULL, NULL, NULL, NULL, 0),
(24, 24, 'czeny-otdelka-pola', '', '', '', '', '', 0),
(25, 25, 'czeny-otdelka-sten', '', '', '', '', '', 0),
(26, 26, 'czeny-otdelka-potolka', '', '', '', '', '', 0),
(27, 27, 'czeny-plitochnye-raboty', '', '', '', '', '', 0),
(28, 28, 'czeny-santehnicheskie-raboty', '', '', '', '', '', 0),
(29, 29, 'czeny-elektricheskie-raboty', '', '', '', '', '', 0),
(30, 30, 'czeny-otdelka-balkonov', '', '', '', '', '', 0),
(31, 31, 'czeny-natyazhnye-potolki', '', '', '', '', '', 0),
(32, 32, 'czeny-dizajn-proekt', '', '', '', '', '', 0),
(33, 33, 'sitemap', '', '', '', '', '', 0);

TRUNCATE TABLE `yii_page_type`;
INSERT INTO `yii_page_type` (`id`, `name`, `code`, `template_id`) VALUES
(1, 'Страницы', 'page', 1),
(2, 'Разделы портфолио', 'portfolio-section', 8),
(3, 'Объекты портфолио', 'portfolio-element', 9);

TRUNCATE TABLE `yii_portfolio_gallery`;
INSERT INTO `yii_portfolio_gallery` (`id`, `gallery_type`, `page_id`, `sort`, `image`) VALUES
(1, 1, 12, 100, '/uploads/images/portfolio/port14.jpg'),
(2, 1, 12, 200, '/uploads/images/portfolio/port14.jpg'),
(3, 1, 12, 300, '/uploads/images/portfolio/port14.jpg'),
(4, 1, 12, 400, '/uploads/images/portfolio/port14.jpg'),
(5, 1, 12, 500, '/uploads/images/portfolio/port14.jpg'),
(6, 1, 12, 600, '/uploads/images/portfolio/port14.jpg'),
(7, 2, 12, 100, '/uploads/images/portfolio/port14.jpg'),
(8, 2, 12, 200, '/uploads/images/portfolio/port14.jpg'),
(9, 2, 12, 300, '/uploads/images/portfolio/port14.jpg'),
(10, 2, 12, 400, '/uploads/images/portfolio/port14.jpg'),
(11, 2, 12, 500, '/uploads/images/portfolio/port14.jpg'),
(12, 2, 12, 600, '/uploads/images/portfolio/port14.jpg');

TRUNCATE TABLE `yii_portfolio_review`;
INSERT INTO `yii_portfolio_review` (`id`, `header`, `page_id`, `video`, `cover`, `sort`) VALUES
(1, 'Ремонт квартиры по адресу:\r\nг. Тюмень, ул. Республики 154', 12, 'https://www.youtube.com/watch?v=nFKxH7am16A', '/uploads/images/cover1.png', 100),
(2, 'Ремонт квартиры по адресу:\r\nг. Тюмень, ул. Республики 154', 16, 'https://www.youtube.com/watch?v=nFKxH7am16A', '/uploads/images/cover2.png', 200),
(4, 'Ремонт квартиры по адресу:\r\nг. Тюмень, ул. Республики 154', 17, 'https://www.youtube.com/watch?v=nFKxH7am16A', '/uploads/images/cover1.png', 300);

TRUNCATE TABLE `yii_price_caption`;
INSERT INTO `yii_price_caption` (`id`, `name`, `description`, `sort`) VALUES
(1, 'Ремонт квартир', 'на ремонтные работы\r\nс материалами и без', 100),
(2, 'Ремонт коттеджей', 'на ремонтные работы\r\nс материалами и без', 200),
(3, 'Ремонт офисов', 'на ремонтные работы\r\nс материалами и без', 300),
(4, 'Дизайн интерьера', 'на ремонтные работы\r\nс материалами и без', 400);

TRUNCATE TABLE `yii_price_composit`;
INSERT INTO `yii_price_composit` (`id`, `price_option_id`, `price_element_id`) VALUES
(1, 1, 1),
(2, 2, 1),
(3, 2, 2),
(4, 3, 1),
(5, 3, 2),
(6, 3, 3),
(7, 3, 4);

TRUNCATE TABLE `yii_price_element`;
INSERT INTO `yii_price_element` (`id`, `name`, `price_caption_id`, `description`, `sort`) VALUES
(1, 'Ремонтные\r\nработы', 1, '<p>Всплывающее окно</p>\r\n\r\n<p>&nbsp;</p>\r\n\r\n<h1>Можно вставлять заголовки</h1>\r\n\r\n<table border=\"1\" cellpadding=\"1\" cellspacing=\"1\" style=\"width:500px\">\r\n	<tbody>\r\n		<tr>\r\n			<td>таблицы</td>\r\n			<td>разные</td>\r\n		</tr>\r\n		<tr>\r\n			<td>всякие</td>\r\n			<td>&nbsp;</td>\r\n		</tr>\r\n	</tbody>\r\n</table>\r\n\r\n<p>&nbsp;</p>\r\n\r\n<p><strong>картинки</strong></p>\r\n\r\n<p><img alt=\"\" src=\"/uploads/images/logo.png\" style=\"height:38px; width:104px\" /></p>\r\n\r\n<p>&nbsp;</p>\r\n\r\n<p><em>и прочее</em></p>\r\n\r\n<p>&nbsp;</p>\r\n', 100),
(2, 'Черновые материалы', 1, '', 200),
(3, 'Чистовые материалы', 1, '', 300),
(4, 'Дизайн\r\nпроект', 1, '', 400);

TRUNCATE TABLE `yii_price_option`;
INSERT INTO `yii_price_option` (`id`, `name`, `price_caption_id`, `min_price`, `sort`) VALUES
(1, 'Ремонт\r\nпод ключ', 1, 2500, 100),
(2, 'Ремонт с черновыми\r\nматериалами', 1, 4000, 200),
(3, 'Ремонт с чистовыми\r\nматериалами', 1, 6000, 300);

TRUNCATE TABLE `yii_progress_gallery`;
INSERT INTO `yii_progress_gallery` (`id`, `year`, `sort`, `header`, `content`, `media`, `video`) VALUES
(1, '2015', 100, 'Основание компании', '<p>Наша компания, на тот момент молодая и очень амбициозная, активно развивалась. Технологии не стояли на месте, и мы внедряли&nbsp;все самые передовые разработки, стараясь максимально оптимизировать процессы для удобства наших клиентов.&nbsp;Так всех новых клиентов мы начали переводить на ведение учета в 1С. Да, тогда еще оставались компании, которые вели учет&nbsp;&laquo;на коленках&raquo;. Внедрение 1С здорово упростило процесс ведения бухгалтерии.</p>\r\n\r\n<p>Удобство для бухгалтеров + наглядность и простота формы для наших клиентов. Это стало нашей новой формулой успеха, привлекая&nbsp;новых заказчиков, мы переводили их на 1С. Нашим особым преимуществом стала скорость, мы смогли выполнять работу для клиентов&nbsp;намного быстрее. Мы не только сохранили, но и развили эту особенность нашей компании, и сейчас наши клиенты могут получать счета,&nbsp;накладные и акты всего через полчаса после согласования.</p>\r\n', '/uploads/images/progress/pg1.jpg, /uploads/images/progress/pg2.jpg, /uploads/images/progress/pg3.jpg', NULL),
(2, '2016', 200, 'Сотрудничество с крупными поставщиками', '<p>Наша компания, на тот момент молодая и очень амбициозная, активно развивалась. Технологии не стояли на месте, и мы внедряли&nbsp;все самые передовые разработки, стараясь максимально оптимизировать процессы для удобства наших клиентов.&nbsp;Так всех новых клиентов мы начали переводить на ведение учета в 1С. Да, тогда еще оставались компании, которые вели учет&nbsp;&laquo;на коленках&raquo;. Внедрение 1С здорово упростило процесс ведения бухгалтерии.</p>\r\n\r\n<p>Удобство для бухгалтеров + наглядность и простота формы для наших клиентов. Это стало нашей новой формулой успеха, привлекая&nbsp;новых заказчиков, мы переводили их на 1С. Нашим особым преимуществом стала скорость, мы смогли выполнять работу для клиентов&nbsp;намного быстрее. Мы не только сохранили, но и развили эту особенность нашей компании, и сейчас наши клиенты могут получать счета,&nbsp;накладные и акты всего через полчаса после согласования.</p>\r\n', '/uploads/images/progress/pg4.jpg, /uploads/images/progress/pg5.jpg, /uploads/images/progress/pg6.jpg', NULL),
(3, '2017', 300, 'Первый построенный дом', '<p>Наша компания, на тот момент молодая и очень амбициозная, активно развивалась. Технологии не стояли на месте, и мы внедряли&nbsp;все самые передовые разработки, стараясь максимально оптимизировать процессы для удобства наших клиентов.&nbsp;Так всех новых клиентов мы начали переводить на ведение учета в 1С. Да, тогда еще оставались компании, которые вели учет&nbsp;&laquo;на коленках&raquo;. Внедрение 1С здорово упростило процесс ведения бухгалтерии.</p>\r\n\r\n<p>Удобство для бухгалтеров + наглядность и простота формы для наших клиентов. Это стало нашей новой формулой успеха, привлекая&nbsp;новых заказчиков, мы переводили их на 1С. Нашим особым преимуществом стала скорость, мы смогли выполнять работу для клиентов&nbsp;намного быстрее. Мы не только сохранили, но и развили эту особенность нашей компании, и сейчас наши клиенты могут получать счета,&nbsp;накладные и акты всего через полчаса после согласования.</p>\r\n', '/uploads/images/progress/pg7.jpg, /uploads/images/progress/pg8.jpg, /uploads/images/progress/pg9.jpg', 'https://www.youtube.com/watch?v=nFKxH7am16A,https://www.youtube.com/watch?v=nFKxH7am16A,https://www.youtube.com/watch?v=nFKxH7am16A'),
(4, '2018', 400, 'Набор штата дизайнеров и архитекторов', '<p>Наша компания, на тот момент молодая и очень амбициозная, активно развивалась. Технологии не стояли на месте, и мы внедряли&nbsp;все самые передовые разработки, стараясь максимально оптимизировать процессы для удобства наших клиентов.&nbsp;Так всех новых клиентов мы начали переводить на ведение учета в 1С. Да, тогда еще оставались компании, которые вели учет&nbsp;&laquo;на коленках&raquo;. Внедрение 1С здорово упростило процесс ведения бухгалтерии.</p>\r\n\r\n<p>Удобство для бухгалтеров + наглядность и простота формы для наших клиентов. Это стало нашей новой формулой успеха, привлекая&nbsp;новых заказчиков, мы переводили их на 1С. Нашим особым преимуществом стала скорость, мы смогли выполнять работу для клиентов&nbsp;намного быстрее. Мы не только сохранили, но и развили эту особенность нашей компании, и сейчас наши клиенты могут получать счета,&nbsp;накладные и акты всего через полчаса после согласования.</p>\r\n', '/uploads/images/progress/pg10.jpg, /uploads/images/progress/pg11.jpg, /uploads/images/progress/pg12.jpg', 'https://www.youtube.com/watch?v=nFKxH7am16A,https://www.youtube.com/watch?v=nFKxH7am16A,https://www.youtube.com/watch?v=nFKxH7am16A');

TRUNCATE TABLE `yii_site_option`;
INSERT INTO `yii_site_option` (`id`, `name`, `code`, `value`, `sort`, `option_type_id`) VALUES
(1, 'Логотип', 'logo', '/uploads/images/logo.png', 100, 1),
(2, 'Телефон', 'phone', '+7 (3452) 901-906', 200, 2),
(3, 'E-mail для уведомлений', 'email', 'mail@v-stepanov.ru', 300, 2),
(4, 'Форма заказа звонка. Заголовок', 'fozcallheader', 'Укажите номер телефона', 400, 3),
(5, 'Форма заказа звонка. Подзаголовок', 'fozcallsubheader', 'Мы позвоним вам и ответим на все ваши вопросы', 500, 3),
(6, 'Форма заказа звонка. Надпись на кнопке', 'fozcallcta', 'Заказать звонок', 600, 2),
(7, 'Форма вызова замерщика. Заголовок', 'fozmeasureheader', 'Закажите бесплатный выезд замерщика', 700, 3),
(8, 'Форма вызова замерщика. Подзаголовок', 'fozmeasuresubheader', 'и узнайте точную стоимость ремонта квартиры', 800, 3),
(9, 'Форма вызова замерщика. Надпись на кнопке', 'fozmeasurecta', 'Узнать стоимость', 900, 2),
(10, 'Страница с калькулятором', 'calcpageid', '22', 1000, 2),
(11, 'Подвал. Призыв к действию', 'footercta', 'Рассчитайте примерную стоимость ремонта', 1100, 3),
(12, 'Надпись на кнопке', 'footerlinktext', 'Рассчитать', 1200, 2),
(13, 'Ссылка', 'footerlinkurl', '#foz-measure', 1300, 2),
(14, 'Левое меню', 'footermenu1', '/admin/menu-content?menu_id=3', 1400, 6),
(15, 'Заголовок над центральным меню', 'footermenu2header', 'Виды ремонта', 1500, 2),
(16, 'Центральное меню', 'footermenu2', '/admin/menu-content?menu_id=4', 1600, 6),
(17, 'Заголовок над правым меню', 'footermenu3header', 'Виды работ', 1700, 2),
(18, 'Правое меню', 'footermenu3', '/admin/menu-content?menu_id=5', 1700, 6),
(19, 'Заголовок над социальными сетями', 'footersocialheader', 'Приятные подарки для наших подписчиков', 1900, 2),
(20, 'Режим работы', 'footerwork', 'Режим работы: пн. - сб. 9: 00 - 18: 00\r\nВоскресенье выходной.\r\n \r\nАдрес: Россия, Тюмень, \r\nул. 30 лет Победы, 27/1 оф. 201\r\n \r\nПочта\r\nhomedesign72@mail.ru', 2000, 3),
(21, 'Ссылка на карту сайта', 'sitemaplink', '/sitemap/', 2100, 2),
(22, 'Копирайт', 'copyright', '<p><img alt=\"\" src=\"/uploads/images/idealogo.png\" style=\"height:51px; width:141px\" /></p>\r\n\r\n<p><span style=\"font-size:12px\">&copy; 2019&nbsp;&laquo;Ремонт квартир&raquo;<br />\r\nРазработка и продвижение сайтов. Веб-студия &laquo;Idea-studio&raquo;</span></p>\r\n', 2200, 4),
(23, 'Код в теге HEAD', 'headcode', '\r\n<!-- favicon -->\r\n<link rel=\"apple-touch-icon\" sizes=\"180x180\" href=\"/uploads/apple-touch-icon.png\">\r\n<link rel=\"icon\" type=\"image/png\" sizes=\"32x32\" href=\"/uploads/favicon-32x32.png\">\r\n<link rel=\"icon\" type=\"image/png\" sizes=\"16x16\" href=\"/uploads/favicon-16x16.png\">\r\n<link rel=\"manifest\" href=\"/uploads/site.webmanifest\">\r\n<link rel=\"mask-icon\" href=\"/uploads/safari-pinned-tab.svg\" color=\"#5bbad5\">\r\n<link rel=\"shortcut icon\" href=\"/uploads/favicon.ico\">\r\n<meta name=\"msapplication-TileColor\" content=\"#ffc40d\">\r\n<meta name=\"msapplication-config\" content=\"/uploads/browserconfig.xml\">\r\n<meta name=\"theme-color\" content=\"#ffffff\">\r\n<!-- /favicon -->\r\n', 2300, 3),
(24, 'Код в теге BODY', 'bodycode', '', 2400, 3);

TRUNCATE TABLE `yii_social`;
INSERT INTO `yii_social` (`id`, `name`, `url`, `sort`, `icon_top`, `icon_foz`, `icon_footer`) VALUES
(1, 'VK', 'https://vk.com/', 100, '/uploads/images/socials/vk.png', '/uploads/images/socials/vk2.png', '/uploads/images/socials/vk3.png'),
(2, 'Facebook', 'https://fb.com/', 200, '/uploads/images/socials/fb.png', '/uploads/images/socials/fb2.png', '/uploads/images/socials/fb3.png'),
(3, 'Одноклассники', 'https://ok.ru/', 300, '/uploads/images/socials/ok.png', '/uploads/images/socials/ok2.png', ''),
(4, 'Instagram', 'https://instagram.com/', 400, '/uploads/images/socials/in.png', '/uploads/images/socials/in2.png', ''),
(5, 'YouTube', 'https://youtube.com/', 500, '/uploads/images/socials/yt.png', '/uploads/images/socials/yt2.png', '/uploads/images/socials/yt3.png');

TRUNCATE TABLE `yii_template`;
INSERT INTO `yii_template` (`id`, `path_front`) VALUES
(1, 'page.php'),
(2, 'page-home.php'),
(3, 'page-portfolio.php'),
(4, 'page-price.php'),
(5, 'page-team.php'),
(6, 'page-contacts.php'),
(7, 'page-blog.php'),
(8, 'portfolio-section.php'),
(9, 'portfolio-element.php'),
(10, 'page-calculator.php'),
(11, 'page-price-section.php'),
(12, 'page-sitemap.php');

TRUNCATE TABLE `yii_user`;
INSERT INTO `yii_user` (`id`, `username`, `password_hash`, `password_reset_token`, `email`, `auth_key`, `status`, `created_at`, `updated_at`) VALUES
(1, 'hradmin', '$2y$13$NjcNM7nsLUfhVrWK7ysEz.bGHW4RvrTWItDCRcfpi.F9L6OSQJaIW', NULL, 'mail@v-stepanov.ru', 'hxVGfHXcxef91MKJ1ltmnUb0_dDV_FQn', 10, 1551645976, 1551645976);

TRUNCATE TABLE `yii_work_progress`;
INSERT INTO `yii_work_progress` (`id`, `name`, `image`, `text`, `link`, `url`, `sort`) VALUES
(1, 'Гаратния 2 года', '/uploads/images/l1.png', 'Выдаем гарантийный сертификат на 2 года.', 'Посмотреть пример', '/uploads/sert.pdf', 100),
(2, 'Фото и видео отчеты', '/uploads/images/l2.png', 'Предоставляем фото и видео отчеты о работе.', 'Посмотреть пример', '/', 200),
(3, 'Собственный персонал', '/uploads/images/l3.png', 'Все специализированные\r\nработы выполняются \r\nотдельными людьми.', 'Наша команда', '/komanda/', 300),
(4, 'Экономия<br>на материалах', '/uploads/images/l4.png', 'Закупаем материал \r\nпо оптовым ценам.', '', '', 400),
(5, 'Подбор материалов  с дизайнером', '/uploads/images/l5.png', 'Бесплатно консультируем \r\nи подбираем материал.', '', '', 500),
(6, 'Смета не вырастет', '/uploads/images/l6.png', 'Цены за работы по смете фиксированы!', '', '', 600);

TRUNCATE TABLE `yii_youtube_video`;
INSERT INTO `yii_youtube_video` (`id`, `link`, `sort`, `cover`) VALUES
(1, 'https://www.youtube.com/watch?v=nFKxH7am16A', 100, '/uploads/images/cover3.png'),
(2, 'https://www.youtube.com/watch?v=nFKxH7am16A', 200, '/uploads/images/cover4.png'),
(3, 'https://www.youtube.com/watch?v=nFKxH7am16A', 300, '/uploads/images/cover5.png'),
(4, 'https://www.youtube.com/watch?v=nFKxH7am16A', 400, '/uploads/images/cover6.png'),
(5, 'https://www.youtube.com/watch?v=nFKxH7am16A', 500, '/uploads/images/cover7.png'),
(6, 'https://www.youtube.com/watch?v=nFKxH7am16A', 600, '/uploads/images/cover8.png');
SET FOREIGN_KEY_CHECKS=1;
COMMIT;

/*!40101 SET CHARACTER_SET_CLIENT=@OLD_CHARACTER_SET_CLIENT */;
/*!40101 SET CHARACTER_SET_RESULTS=@OLD_CHARACTER_SET_RESULTS */;
/*!40101 SET COLLATION_CONNECTION=@OLD_COLLATION_CONNECTION */;
